client_0;Reject
client_1;Accept
client_10;Reject
client_100;Reject
client_101;Accept
client_102;Accept
client_103;Reject
client_104;Reject
client_105;Accept
client_106;Reject
client_107;Reject
client_108;Accept
client_109;Reject
client_11;Accept
client_110;Reject
client_111;Accept
client_112;Accept
client_113;Reject
client_114;Reject
client_115;Accept
client_116;Reject
client_117;Accept
client_118;Reject
client_119;Accept
client_12;Accept
client_120;Reject
client_121;Reject
client_122;Reject
client_123;Accept
client_124;Reject
client_125;Reject
client_126;Reject
client_127;Accept
client_128;Reject
client_129;Accept
client_13;Accept
client_130;Accept
client_131;Reject
client_132;Reject
client_133;Reject
client_134;Reject
client_135;Reject
client_136;Accept
client_137;Reject
client_138;Accept
client_139;Reject
client_14;Accept
client_140;Reject
client_141;Accept
client_142;Accept
client_143;Reject
client_144;Accept
client_145;Accept
client_146;Reject
client_147;Reject
client_148;Reject
client_149;Reject
client_15;Accept
client_150;Accept
client_151;Accept
client_152;Reject
client_153;Reject
client_154;Reject
client_155;Accept
client_156;Reject
client_157;Reject
client_158;Accept
client_159;Reject
client_16;Accept
client_160;Reject
client_161;Reject
client_162;Reject
client_163;Reject
client_164;Reject
client_165;Reject
client_166;Reject
client_167;Reject
client_168;Reject
client_169;Reject
client_17;Accept
client_170;Accept
client_171;Reject
client_172;Reject
client_173;Reject
client_174;Accept
client_175;Reject
client_176;Accept
client_177;Reject
client_178;Reject
client_179;Reject
client_18;Reject
client_180;Reject
client_181;Accept
client_182;Reject
client_183;Reject
client_184;Reject
client_185;Reject
client_186;Reject
client_187;Reject
client_188;Reject
client_189;Accept
client_19;Reject
client_190;Reject
client_191;Reject
client_192;Accept
client_193;Reject
client_194;Reject
client_195;Reject
client_196;Reject
client_197;Reject
client_198;Reject
client_199;Accept
client_2;Reject
client_20;Accept
client_200;Reject
client_201;Reject
client_202;Reject
client_203;Accept
client_204;Reject
client_205;Accept
client_206;Reject
client_207;Reject
client_208;Reject
client_209;Reject
client_21;Reject
client_210;Reject
client_211;Reject
client_212;Accept
client_213;Reject
client_214;Accept
client_215;Reject
client_216;Accept
client_217;Reject
client_218;Reject
client_219;Accept
client_22;Reject
client_220;Reject
client_221;Reject
client_222;Accept
client_223;Reject
client_224;Reject
client_225;Reject
client_226;Reject
client_227;Reject
client_228;Reject
client_229;Reject
client_23;Reject
client_230;Accept
client_231;Reject
client_232;Reject
client_233;Accept
client_234;Reject
client_235;Accept
client_236;Reject
client_237;Accept
client_238;Reject
client_239;Reject
client_24;Accept
client_240;Reject
client_241;Accept
client_242;Accept
client_243;Accept
client_244;Reject
client_245;Reject
client_246;Reject
client_247;Reject
client_248;Accept
client_249;Reject
client_25;Reject
client_250;Reject
client_251;Reject
client_252;Accept
client_253;Accept
client_254;Accept
client_255;Reject
client_256;Reject
client_257;Accept
client_258;Reject
client_259;Accept
client_26;Reject
client_260;Accept
client_261;Reject
client_262;Accept
client_263;Reject
client_264;Accept
client_265;Accept
client_266;Reject
client_267;Accept
client_268;Reject
client_269;Accept
client_27;Reject
client_270;Accept
client_271;Accept
client_272;Accept
client_273;Accept
client_274;Reject
client_275;Reject
client_276;Reject
client_277;Reject
client_278;Accept
client_279;Accept
client_28;Reject
client_280;Reject
client_281;Reject
client_282;Accept
client_283;Accept
client_284;Accept
client_285;Reject
client_286;Reject
client_287;Reject
client_288;Reject
client_289;Reject
client_29;Reject
client_290;Reject
client_291;Reject
client_292;Accept
client_293;Reject
client_294;Reject
client_295;Accept
client_296;Reject
client_297;Reject
client_298;Accept
client_299;Reject
client_3;Reject
client_30;Reject
client_300;Accept
client_301;Reject
client_302;Reject
client_303;Reject
client_304;Accept
client_305;Reject
client_306;Reject
client_307;Reject
client_308;Accept
client_309;Reject
client_31;Reject
client_310;Reject
client_311;Reject
client_312;Reject
client_313;Accept
client_314;Reject
client_315;Reject
client_316;Reject
client_317;Reject
client_318;Reject
client_319;Reject
client_32;Reject
client_320;Reject
client_321;Reject
client_322;Reject
client_323;Accept
client_324;Accept
client_325;Reject
client_326;Reject
client_327;Reject
client_328;Accept
client_329;Reject
client_33;Accept
client_330;Reject
client_331;Reject
client_332;Reject
client_333;Accept
client_334;Reject
client_335;Reject
client_336;Reject
client_337;Reject
client_338;Reject
client_339;Accept
client_34;Reject
client_340;Reject
client_341;Reject
client_342;Reject
client_343;Accept
client_344;Reject
client_345;Reject
client_346;Accept
client_347;Reject
client_348;Reject
client_349;Reject
client_35;Reject
client_350;Accept
client_351;Reject
client_352;Reject
client_353;Reject
client_354;Reject
client_355;Reject
client_356;Reject
client_357;Reject
client_358;Reject
client_359;Accept
client_36;Accept
client_360;Accept
client_361;Reject
client_362;Reject
client_363;Accept
client_364;Accept
client_365;Accept
client_366;Accept
client_367;Accept
client_368;Reject
client_369;Accept
client_37;Reject
client_370;Reject
client_371;Accept
client_372;Reject
client_373;Reject
client_374;Reject
client_375;Reject
client_376;Reject
client_377;Accept
client_378;Reject
client_379;Reject
client_38;Reject
client_380;Reject
client_381;Reject
client_382;Reject
client_383;Accept
client_384;Accept
client_385;Reject
client_386;Accept
client_387;Reject
client_388;Reject
client_389;Reject
client_39;Accept
client_390;Reject
client_391;Accept
client_392;Reject
client_393;Accept
client_394;Reject
client_395;Accept
client_396;Accept
client_397;Accept
client_398;Reject
client_399;Accept
client_4;Reject
client_40;Reject
client_400;Reject
client_401;Reject
client_402;Reject
client_403;Reject
client_404;Reject
client_405;Accept
client_406;Reject
client_407;Accept
client_408;Reject
client_409;Accept
client_41;Reject
client_410;Accept
client_411;Reject
client_412;Accept
client_413;Accept
client_414;Accept
client_415;Reject
client_416;Reject
client_417;Accept
client_418;Accept
client_419;Reject
client_42;Accept
client_420;Accept
client_421;Reject
client_422;Reject
client_423;Accept
client_424;Reject
client_425;Reject
client_426;Reject
client_427;Reject
client_428;Reject
client_429;Accept
client_43;Accept
client_430;Accept
client_431;Reject
client_432;Reject
client_433;Accept
client_434;Accept
client_435;Reject
client_436;Reject
client_437;Reject
client_438;Accept
client_439;Reject
client_44;Reject
client_440;Reject
client_441;Accept
client_442;Reject
client_443;Reject
client_444;Reject
client_445;Reject
client_446;Reject
client_447;Accept
client_448;Reject
client_449;Reject
client_45;Reject
client_450;Accept
client_451;Reject
client_452;Accept
client_453;Reject
client_454;Reject
client_455;Reject
client_456;Reject
client_457;Reject
client_458;Reject
client_459;Reject
client_46;Reject
client_460;Accept
client_461;Reject
client_462;Reject
client_463;Accept
client_464;Accept
client_465;Reject
client_466;Reject
client_467;Accept
client_468;Accept
client_469;Reject
client_47;Reject
client_470;Reject
client_471;Reject
client_472;Reject
client_473;Reject
client_474;Accept
client_475;Reject
client_476;Reject
client_477;Reject
client_478;Accept
client_479;Reject
client_48;Reject
client_480;Accept
client_481;Reject
client_482;Accept
client_483;Reject
client_484;Reject
client_485;Accept
client_486;Reject
client_487;Accept
client_488;Reject
client_489;Accept
client_49;Reject
client_490;Reject
client_491;Reject
client_492;Reject
client_493;Reject
client_494;Reject
client_495;Reject
client_496;Accept
client_497;Reject
client_498;Accept
client_499;Reject
client_5;Reject
client_50;Reject
client_500;Reject
client_501;Reject
client_502;Accept
client_503;Reject
client_504;Reject
client_505;Reject
client_506;Accept
client_507;Reject
client_508;Accept
client_509;Reject
client_51;Reject
client_510;Reject
client_511;Reject
client_512;Reject
client_513;Reject
client_514;Reject
client_515;Reject
client_516;Reject
client_517;Reject
client_518;Reject
client_519;Reject
client_52;Reject
client_520;Reject
client_521;Reject
client_522;Accept
client_523;Reject
client_524;Accept
client_525;Accept
client_526;Reject
client_527;Reject
client_528;Reject
client_529;Reject
client_53;Reject
client_530;Reject
client_531;Reject
client_532;Reject
client_533;Reject
client_534;Reject
client_535;Accept
client_536;Reject
client_537;Accept
client_538;Reject
client_539;Reject
client_54;Reject
client_540;Accept
client_541;Reject
client_542;Reject
client_543;Reject
client_544;Reject
client_545;Accept
client_546;Accept
client_547;Reject
client_548;Reject
client_549;Reject
client_55;Accept
client_550;Reject
client_551;Accept
client_552;Accept
client_553;Accept
client_554;Accept
client_555;Reject
client_556;Accept
client_557;Reject
client_558;Reject
client_559;Accept
client_56;Reject
client_560;Accept
client_561;Reject
client_562;Reject
client_563;Accept
client_564;Reject
client_565;Accept
client_566;Reject
client_567;Accept
client_568;Reject
client_569;Reject
client_57;Reject
client_570;Reject
client_571;Reject
client_572;Accept
client_573;Reject
client_574;Reject
client_575;Reject
client_576;Reject
client_577;Reject
client_578;Reject
client_579;Reject
client_58;Reject
client_580;Reject
client_581;Accept
client_582;Accept
client_583;Reject
client_584;Reject
client_585;Reject
client_586;Reject
client_587;Accept
client_588;Reject
client_589;Reject
client_59;Accept
client_590;Accept
client_591;Reject
client_592;Accept
client_593;Reject
client_594;Reject
client_595;Reject
client_596;Accept
client_597;Reject
client_598;Accept
client_599;Accept
client_6;Accept
client_60;Accept
client_600;Accept
client_601;Reject
client_602;Reject
client_603;Accept
client_604;Reject
client_605;Accept
client_606;Accept
client_607;Reject
client_608;Accept
client_609;Reject
client_61;Reject
client_610;Accept
client_611;Reject
client_612;Reject
client_613;Reject
client_614;Accept
client_615;Reject
client_616;Reject
client_617;Reject
client_618;Accept
client_619;Reject
client_62;Accept
client_620;Reject
client_621;Accept
client_622;Accept
client_623;Accept
client_624;Reject
client_625;Reject
client_626;Reject
client_627;Accept
client_628;Reject
client_629;Reject
client_63;Reject
client_630;Accept
client_631;Accept
client_632;Accept
client_633;Reject
client_634;Reject
client_635;Accept
client_636;Reject
client_637;Reject
client_638;Reject
client_639;Accept
client_64;Reject
client_640;Reject
client_641;Reject
client_642;Accept
client_643;Reject
client_644;Accept
client_645;Accept
client_646;Reject
client_647;Reject
client_648;Accept
client_649;Accept
client_65;Reject
client_650;Accept
client_651;Accept
client_652;Accept
client_653;Reject
client_654;Reject
client_655;Reject
client_656;Reject
client_657;Accept
client_658;Reject
client_659;Accept
client_66;Accept
client_660;Reject
client_661;Reject
client_662;Reject
client_663;Accept
client_664;Reject
client_665;Reject
client_666;Reject
client_667;Accept
client_668;Reject
client_669;Accept
client_67;Reject
client_670;Reject
client_671;Accept
client_672;Reject
client_673;Reject
client_674;Reject
client_675;Accept
client_676;Accept
client_677;Accept
client_678;Reject
client_679;Reject
client_68;Reject
client_680;Reject
client_681;Reject
client_682;Accept
client_683;Reject
client_684;Accept
client_685;Reject
client_686;Accept
client_687;Accept
client_688;Reject
client_689;Reject
client_69;Reject
client_690;Accept
client_691;Reject
client_692;Accept
client_693;Accept
client_694;Accept
client_695;Reject
client_696;Reject
client_697;Accept
client_698;Reject
client_699;Reject
client_7;Reject
client_70;Accept
client_700;Reject
client_701;Reject
client_702;Reject
client_703;Accept
client_704;Accept
client_705;Accept
client_706;Reject
client_707;Accept
client_708;Accept
client_709;Reject
client_71;Reject
client_710;Reject
client_711;Accept
client_712;Accept
client_713;Reject
client_714;Reject
client_715;Reject
client_716;Reject
client_717;Accept
client_718;Reject
client_719;Reject
client_72;Reject
client_720;Accept
client_721;Reject
client_722;Reject
client_723;Reject
client_724;Accept
client_725;Reject
client_726;Accept
client_727;Accept
client_728;Accept
client_729;Accept
client_73;Accept
client_730;Reject
client_731;Reject
client_732;Accept
client_733;Accept
client_734;Reject
client_735;Accept
client_736;Accept
client_737;Reject
client_738;Reject
client_739;Reject
client_74;Reject
client_740;Accept
client_741;Accept
client_742;Reject
client_743;Reject
client_744;Accept
client_745;Reject
client_746;Reject
client_747;Reject
client_748;Reject
client_749;Reject
client_75;Reject
client_750;Reject
client_751;Reject
client_752;Reject
client_753;Reject
client_754;Reject
client_755;Reject
client_756;Reject
client_757;Reject
client_758;Reject
client_759;Accept
client_76;Accept
client_760;Reject
client_761;Reject
client_762;Accept
client_763;Accept
client_764;Accept
client_765;Reject
client_766;Reject
client_767;Reject
client_768;Reject
client_769;Reject
client_77;Reject
client_770;Reject
client_771;Reject
client_772;Reject
client_773;Accept
client_774;Reject
client_775;Reject
client_776;Reject
client_777;Reject
client_778;Reject
client_779;Reject
client_78;Reject
client_780;Reject
client_781;Accept
client_782;Reject
client_783;Reject
client_784;Reject
client_785;Accept
client_786;Accept
client_787;Reject
client_788;Reject
client_789;Accept
client_79;Reject
client_790;Reject
client_791;Reject
client_792;Reject
client_793;Reject
client_794;Reject
client_795;Reject
client_796;Reject
client_797;Reject
client_798;Reject
client_799;Accept
client_8;Accept
client_80;Reject
client_800;Accept
client_801;Reject
client_802;Reject
client_803;Reject
client_804;Accept
client_805;Reject
client_806;Reject
client_807;Accept
client_808;Reject
client_809;Reject
client_81;Reject
client_810;Accept
client_811;Reject
client_812;Accept
client_813;Reject
client_814;Accept
client_815;Reject
client_816;Accept
client_817;Reject
client_818;Reject
client_819;Accept
client_82;Reject
client_820;Reject
client_821;Reject
client_822;Accept
client_823;Reject
client_824;Reject
client_825;Reject
client_826;Reject
client_827;Reject
client_828;Reject
client_829;Accept
client_83;Reject
client_830;Reject
client_831;Accept
client_832;Accept
client_833;Accept
client_834;Reject
client_835;Reject
client_836;Reject
client_837;Reject
client_838;Reject
client_839;Reject
client_84;Reject
client_840;Reject
client_841;Reject
client_842;Reject
client_843;Reject
client_844;Accept
client_845;Accept
client_846;Reject
client_847;Reject
client_848;Reject
client_849;Reject
client_85;Reject
client_850;Accept
client_851;Reject
client_852;Reject
client_853;Accept
client_854;Accept
client_855;Reject
client_856;Reject
client_857;Accept
client_858;Reject
client_859;Reject
client_86;Reject
client_860;Reject
client_861;Accept
client_862;Reject
client_863;Reject
client_864;Reject
client_865;Reject
client_866;Reject
client_867;Accept
client_868;Reject
client_869;Accept
client_87;Reject
client_870;Reject
client_871;Reject
client_872;Reject
client_873;Reject
client_874;Reject
client_875;Reject
client_876;Reject
client_877;Accept
client_878;Accept
client_879;Reject
client_88;Reject
client_880;Reject
client_881;Reject
client_882;Reject
client_883;Reject
client_884;Reject
client_885;Reject
client_886;Reject
client_887;Accept
client_888;Reject
client_889;Reject
client_89;Reject
client_890;Reject
client_891;Accept
client_892;Reject
client_893;Reject
client_894;Reject
client_895;Accept
client_896;Reject
client_897;Accept
client_898;Reject
client_899;Reject
client_9;Accept
client_90;Reject
client_900;Reject
client_901;Reject
client_902;Reject
client_903;Accept
client_904;Reject
client_905;Reject
client_906;Reject
client_907;Reject
client_908;Reject
client_909;Reject
client_91;Accept
client_910;Accept
client_911;Accept
client_912;Reject
client_913;Reject
client_914;Reject
client_915;Reject
client_916;Reject
client_917;Accept
client_918;Reject
client_919;Reject
client_92;Accept
client_920;Reject
client_921;Accept
client_922;Reject
client_923;Reject
client_924;Reject
client_925;Accept
client_926;Reject
client_927;Reject
client_928;Accept
client_929;Reject
client_93;Reject
client_930;Reject
client_931;Reject
client_932;Accept
client_933;Reject
client_934;Reject
client_935;Reject
client_936;Accept
client_937;Reject
client_938;Reject
client_939;Reject
client_94;Reject
client_940;Accept
client_941;Accept
client_942;Reject
client_943;Reject
client_944;Reject
client_945;Reject
client_946;Reject
client_947;Reject
client_948;Reject
client_949;Reject
client_95;Reject
client_950;Reject
client_951;Reject
client_952;Accept
client_953;Reject
client_954;Reject
client_955;Reject
client_956;Accept
client_957;Reject
client_958;Reject
client_959;Reject
client_96;Accept
client_960;Reject
client_961;Accept
client_962;Reject
client_963;Accept
client_964;Reject
client_965;Reject
client_966;Reject
client_967;Accept
client_968;Reject
client_969;Reject
client_97;Reject
client_970;Reject
client_971;Accept
client_972;Reject
client_973;Accept
client_974;Reject
client_975;Reject
client_976;Accept
client_977;Accept
client_978;Reject
client_979;Reject
client_98;Reject
client_980;Accept
client_981;Reject
client_982;Accept
client_983;Reject
client_984;Accept
client_985;Reject
client_986;Reject
client_987;Reject
client_988;Accept
client_989;Accept
client_99;Reject
client_990;Accept
client_991;Accept
client_992;Reject
client_993;Accept
client_994;Accept
client_995;Reject
client_996;Reject
client_997;Reject
client_998;Reject
client_999;Reject
